departement_code,id,bss_code,name,critical-water-level,drought-decrees-sou,drought-decrees-sup,dryness-agricultural,dryness-groundwater,dryness-groundwater-deep,dryness-meteo,dryness-resources,dryness-small-stream,dryness-stream-flow,heatwave-agricultural,heatwave-meteo,heatwave-resources,quality
1,2287,06288X0096/SB,Piezometre - Centre equestre (Gex - BRGM 01),0,0,0,0,0,1,0,0,0,0,0,0,0,0
1,2285,06533X0070/F2,Piezometre - Greny (Peron - BRGM 01),0,0,0,0,0,1,0,0,0,0,0,0,0,0
2,1366,00663X0124/F_2008,PIEZOMETRE DE ROUGERIES - 02,0,0,0,0,0,1,0,0,0,0,0,0,0,0
16,8335,07326X0028/S,Baignes-Sainte-Radegonde - 07326X0028/S,0,0,0,0,0,1,0,0,0,0,0,0,0,0
16,8091,07333X0027/F,JUILLAGU,0,0,0,0,1,1,0,0,0,0,0,0,0,0
16,8337,07322X0058/S,Criteuil-la-Magdeleine - 07322X0058/S,0,0,0,0,0,1,0,0,0,0,0,0,0,0
16,777,07332X0530/F2,ROUFFIAC,0,0,0,0,0,1,0,0,0,0,0,0,0,0
17,843,07077X0016/16,Avy - 07077X0016/16,0,0,0,0,0,1,0,0,0,0,0,0,0,0
17,8197,07077X0030/PIEZO,LA ROCHE PIÉZO,0,0,0,0,1,1,0,0,0,0,0,0,0,0
17,8316,07077X0023/S,Biron - 07077X0023/S,0,0,0,0,0,1,0,0,0,0,0,0,0,0
17,8103,06838X0077/F,COMBE DES GDES BAUCHES PIÉZO,0,0,0,0,1,1,0,0,0,0,0,0,0,0
17,2566,07325X0018/F,Champagnac - 07325X0018/F,0,0,0,0,0,1,0,0,0,0,0,0,0,0
17,8119,07073X0038/F,LE MAINE CADET PIÉZO,0,0,0,0,1,1,0,0,0,0,0,0,0,0
17,2551,07303X0523/F,Grattechat,0,0,0,0,1,1,0,0,0,0,0,0,0,0
17,858,07072X0065/F,La Jard - 07072X0065/F,0,0,0,0,1,1,0,0,0,0,0,0,0,0
17,2552,07325X0044/F,La Métairie de Puyrigaud,0,0,0,0,1,1,0,0,0,0,0,0,0,0
17,819,07316X0027/F,Fontbouillant - le joyau (mirambeau - 17),0,0,0,0,0,1,0,0,0,0,0,0,0,0
17,803,07554X0504/F,Chez Grégoire F,0,0,0,0,0,1,0,0,0,0,0,0,0,0
17,876,07314X0011/S,Neuillac - 07314X0011/S,0,0,0,0,0,1,0,0,0,0,0,0,0,0
17,827,07561X0006/S,Pommiers-Moulons - 07561X0006/S,0,0,0,0,0,1,0,0,0,0,0,0,0,0
17,874,06831X0059/F,Port-d'Envaux - 06831X0059/F,0,0,0,0,1,1,0,0,0,0,0,0,0,0
17,853,06835X0044/F,Saint-Georges-des-Coteaux - 06835X0044/F,0,0,0,0,0,1,0,0,0,0,0,0,0,0
17,2557,07076X0038/F,Le Rivaud,0,0,0,0,1,1,0,0,0,0,0,0,0,0
17,797,07321X0092/F,Font de Cluzac,0,0,0,0,0,1,0,0,0,0,0,0,0,0
17,821,07566X0028/F,COUSTOLLE,0,0,0,0,0,1,0,0,0,0,0,0,0,0
17,823,07562X0019/F,Le Moulin des Auberts,0,0,0,0,0,1,0,0,0,0,0,0,0,0
17,2546,07312X0150/F,Pradelle F2,0,0,0,0,1,1,0,0,0,0,0,0,0,0
17,830,07318X0031/PUITS,Saint-Simon-de-Bordes - 07318X0031/PUITS,0,0,0,0,0,1,0,0,0,0,0,0,0,0
17,8124,07061X0088/F,LA GRANDE PIÈCE PIÉZO,0,0,0,0,0,1,0,0,0,0,0,0,0,0
17,2563,06835X0051/F,Saintes - 06835X0051/F,0,0,0,0,0,1,0,0,0,0,0,0,0,0
17,2564,07553X0504/F,Le Tailledis F1,0,0,0,0,1,1,0,0,0,0,0,0,0,0
17,8319,07074X0014/S,Salignac-sur-Charente - 07074X0014/S,0,0,0,0,0,1,0,0,0,0,0,0,0,0
17,826,07061X0075/S,Vaux-sur-Mer - 07061X0075/S,0,0,0,0,0,1,0,0,0,0,0,0,0,0
18,1006,04926X0001/FAEP,Allogny - 04926X0001/FAEP,0,0,1,0,0,1,0,0,0,0,0,0,0,0
18,1010,04628X0003/FAEP,Chapelle-d'Angillon - 04628X0003/FAEP,0,0,1,0,0,1,0,0,0,0,0,0,0,0
18,1674,05726X0003/F,CHAMP DE L'ETANG CHATELET - 18,0,0,1,0,0,1,0,0,0,0,0,0,0,0
18,1603,04316X0061/F,CLEMONT - STATION A E P CLEMONT - 18,0,0,1,0,0,1,0,0,0,0,0,0,0,0
18,1306,04915X0009/F1AEP1,LES SCEPS  N1 GENOUILLY - 18,0,0,1,0,1,1,0,0,0,0,0,0,0,0
18,1005,04931X0001/FAEP,Henrichemont - 04931X0001/FAEP,0,0,1,0,0,1,0,0,0,0,0,0,0,0
18,995,04625X0073/F,LE HAUT BOULAY NANCAY - 18,0,0,1,0,0,1,0,0,0,0,0,0,0,0
18,1516,05454X0062/FAEP,Saint-Ambroix - 05454X0062/FAEP,0,0,1,0,0,1,0,0,0,0,0,0,0,0
18,2330,05465X0001/PZ,Saint-Baudel - 05465X0001/PZ,0,0,1,0,0,1,0,0,0,0,0,0,0,0
18,1508,05475X0057/P1,BRIANDE VERNEUIL - 18,0,0,1,0,0,1,0,0,0,0,0,0,0,0
21,634,05266X0014/S,Beaune - 05266X0014/S,0,0,0,0,0,1,0,0,0,0,0,0,0,0
21,625,05264X0055/F1,Forage CG21 (Gerland-21),0,0,0,0,0,1,0,0,0,0,0,0,0,0
21,8342,05264X0029/S,Nuits-Saint-Georges - 05264X0029/S,0,0,0,0,0,1,0,0,0,0,0,0,0,0
21,7663,05264X0057/F3,Forage de Premaux-Prissey,0,0,0,0,0,1,0,0,0,0,0,0,0,0
21,627,05264X0056/F2,FORAGE GREVE DE VIE 2 -ARTÉSIEN,0,0,0,0,0,1,0,0,0,0,0,0,0,0
21,628,05264X0060/M2,Forage CG21 (Quincey-21),0,0,0,0,0,1,0,0,0,0,0,0,0,0
21,2020,05266X0084/F1,Forage CG21 (Savigny-Les-Beaune-21),0,0,0,0,1,1,0,0,0,0,0,0,0,0
24,2320,08077X0030/ERH,LA PLANETE (BUGUE(LE) - 24),0,0,0,0,1,1,0,0,0,0,0,0,0,0
24,2321,07844X0003/P,LE JABANEL (PAZAYAC - 24),0,0,0,0,1,1,0,0,0,0,0,0,0,0
25,1824,05031X0072/F1,AMAGNEY (Amagney-25),0,0,0,0,0,1,0,0,0,0,0,0,0,0
26,1482,08672X0008/HY,Crupies - 08672X0008/HY,0,0,0,0,0,1,0,0,0,0,0,0,0,0
26,1484,08437X0027/PZ,Espenel - 08437X0027/PZ,0,0,0,0,0,1,0,0,0,0,0,0,0,0
26,1480,08681X0004/HY,Montlaur-en-Diois - 08681X0004/HY,0,0,0,0,0,1,0,0,0,0,0,0,0,0
26,8321,09153X0024/S,Plaisians - 09153X0024/S,0,0,0,0,0,1,0,0,0,0,0,0,0,0
26,2106,08668X0029/SCE,Source - Culty (Taulignan - 26),0,0,0,0,0,1,0,0,0,0,0,0,0,0
26,1481,08918X0014/HY,Vercoiran - 08918X0014/HY,0,0,0,0,0,1,0,0,0,0,0,0,0,0
31,708,10098A0004/F,MURET 104,0,0,0,0,1,1,0,0,0,0,0,0,0,0
31,7955,10336X0002/F,SAINT ANDRÉ,0,0,0,0,0,1,0,0,0,0,0,0,0,0
31,2264,09845C1426/F,UPS,0,0,0,0,1,1,0,0,0,0,0,0,0,0
32,894,09541X0021/F,Beaucaire,0,0,0,0,1,1,0,0,0,0,0,0,0,0
32,715,09536X0008/F,A Seignebon,0,0,0,0,0,1,0,0,0,0,0,0,0,0
32,710,10072X0026/F,Près de Flourette,0,0,0,0,0,1,0,0,0,0,0,0,0,0
32,705,09546X0022/F,Le Masca,0,0,0,0,0,1,0,0,0,0,0,0,0,0
32,702,10078X0001/F,PUYMAURIN 2,0,0,0,0,1,1,0,0,0,0,0,0,0,0
32,701,10082X0001/F,POLASTRON,0,0,0,0,1,1,0,0,0,0,0,0,0,0
32,704,09824X0002/F,Saint cricq,0,0,0,0,1,1,0,0,0,0,0,0,0,0
33,2005,08517X0018/F,"A LA HOUEYTE - SECTION A - PARCELLE 844, 845 (BALIZAC - 33)",0,0,0,0,1,1,0,0,0,0,0,0,0,0
33,608,08266X0140/PZ,Biganos - 08266X0140/PZ,0,0,0,0,0,1,0,0,0,0,0,0,0,0
33,1439,08266X0136/F,CAMP DE NOMADES - PARCELLE 81 (BIGANOS - 33),0,0,0,0,0,1,0,0,0,0,0,0,0,0
33,1442,07786X0087/F,"LE MOULIN - PARCELLE 266, SECTION B2 (BRACH - 33)",0,0,0,0,0,1,0,0,0,0,0,0,0,0
33,8260,08518X0026/P,FONTBANNE (BUDOS-33),0,0,0,0,1,1,0,0,0,0,0,0,0,0
33,1778,08262X0290/F,"LAC DE BLAGON - PARCELLE 778, SECTION A (LANTON - 33)",0,0,0,0,0,1,0,0,0,0,0,0,0,0
33,872,07548X0009/F,SHELL-BERRE (SAINT-ESTEPHE - 33),0,0,0,0,1,1,0,0,0,0,0,0,0,0
33,7504,08022X0008/SP1,ETANG DE LA LEVADE (SAINTE-HELENE-33),0,0,0,0,0,1,0,0,0,0,0,0,0,0
33,7620,08022X0009/SP2,ETANG DE LA LEVADE (SAINTE-HELENE-33),0,0,0,0,0,1,0,0,0,0,0,0,0,0
33,7677,08022X0010/SP3,ETANG DE LA LEVADE (SAINTE-HELENE-33),0,0,0,0,0,1,0,0,0,0,0,0,0,0
33,8052,08493X0045/F,PILAT (TESTE-DE-BUCH(LA)-33),0,0,0,0,0,1,0,0,0,0,0,0,0,0
33,765,07298X0042/PZ,Vendays-Montalivet - 07298X0042/PZ,0,0,0,0,0,1,0,0,0,0,0,0,0,0
33,1977,07298X0001/F1,MONTALIVET (VENDAYS-MONTALIVET - 33),0,0,0,0,0,1,0,0,0,0,0,0,0,0
34,8149,10407X0071/GOLF,GOLF AGDE ASTIEN - 17,0,1,1,0,1,1,0,0,0,0,0,0,0,0
34,7849,10403X0350/PEZENA,CASERNE - 1782,0,1,1,0,1,1,0,0,0,0,0,0,0,0
34,7882,10403X0216/SAUZED,LA SAUZÈDE 2031 - 15,0,1,1,0,1,1,0,0,0,0,0,0,0,0
34,1808,10401X0128/CLAIRA,Clairac  - 14,0,1,1,0,0,1,0,0,0,0,0,0,0,0
34,7753,10403X0154/SRAE16,LA GAUFREZE 1860 - 16,0,1,1,0,1,1,0,0,0,0,0,0,0,0
34,7639,10404X0056/S1003,BELLUIRE - 12,0,1,1,0,1,1,0,0,0,0,0,0,0,0
34,1809,10406X0060/DRILLE,Drilles - Serignan34 - 112,0,1,1,0,0,1,0,0,0,0,0,0,0,0
34,1814,10405X0171/VALRAS,Valras-Plage - 10405X0171/VALRAS,0,1,1,0,0,1,0,0,0,0,0,0,0,0
34,1806,10402X0133/SRAE13,Vias source - 113,0,1,1,0,0,1,0,0,0,0,0,0,0,0
34,8178,10406X0077/ASL,ASL OASIS - 1230,0,1,1,0,1,1,0,0,0,0,0,0,0,0
34,8299,10402X0046/BOUR,Vias - 10402X0046/BOUR,0,1,1,0,0,1,0,0,0,0,0,0,0,0
34,7813,10401X0294/DRN379,LOURIAC - 1379,0,1,1,0,1,1,0,0,0,0,0,0,0,0
36,986,05176X0033/FAEP3,MONTPLAISIR F3 BAUDRES - 36,0,0,0,0,0,1,0,0,0,0,0,0,0,0
36,1004,05432X0024/F1AEP,Châtillon-sur-Indre - 05432X0024/F1AEP,0,0,0,0,0,1,0,0,0,0,0,0,0,0
36,1519,05446X0136/S,Chezelles - 05446X0136/S,0,0,0,0,0,1,0,0,0,0,0,0,0,0
36,1664,05933X0006/FAEP3,VAVRE -  AEP VAVRE  N 1 - PARCELLE 1369 - STATION MAILLET - 36,0,0,0,0,0,1,0,0,0,0,0,0,0,0
36,1928,05932X0003/PAEP,Menoux - 05932X0003/PAEP,0,0,0,0,0,1,0,0,0,0,0,0,0,0
36,2280,05943X0006/FAEP1,LES RIBATTES   AEP MONTGIVRAY - 36,0,0,0,0,0,1,0,0,0,0,0,0,0,0
36,992,05432X0003/F,LE GONNEAU MURS - 36,0,0,0,0,0,1,0,0,0,0,0,0,0,0
36,966,05168X0006/FAEP,Pellevoisin - 05168X0006/FAEP,0,0,0,0,0,1,0,0,0,0,0,0,0,0
36,1884,05923X0004/FAEP,Prissac - 05923X0004/FAEP,0,0,0,0,0,1,0,0,0,0,0,0,0,0
36,1515,05696X0002/FAEP,Rosnay - 05696X0002/FAEP,0,0,0,0,0,1,0,0,0,0,0,0,0,0
37,1011,04883X0077/FAEP,Athée-sur-Cher - 04883X0077/FAEP,0,0,0,0,0,1,0,0,0,0,0,0,0,0
37,983,04581X0015/FAEP2,Château d'eau,0,0,0,0,0,1,0,0,0,0,0,0,0,0
37,961,05411X1010/FAEP,Razines - 05411X1010/FAEP,0,0,0,0,0,1,0,0,0,0,0,0,0,0
37,1883,04571X0015/P,L'Imbertière,0,0,0,0,0,1,0,0,0,0,0,0,0,0
37,1007,04578X0102/FAEP,Tours - 04578X0102/FAEP,0,0,0,0,0,1,0,0,0,0,0,0,0,0
40,1926,09761X0009/F,F1 Bourg,0,0,0,0,0,1,0,0,0,0,0,0,0,0
40,7855,09761X0108/GOUA,Goua (ANGRESSE - 40),0,0,0,0,0,1,0,0,0,0,0,0,0,0
40,2012,09782X0006/P1,CAPTAGE DE MARSEILLON P1,0,0,0,0,1,1,0,0,0,0,0,0,0,0
40,7660,09782X0016/F3,Forage agricole ASA ,0,0,0,0,1,1,0,0,0,0,0,0,0,0
40,2050,09267X0014/PIEZO1,BETBEZER (BETBEZER-D'ARMAGNAC - 40),0,0,0,0,1,1,0,0,0,0,0,0,0,0
40,2056,09267X0017/F,Périllet,0,0,0,0,0,1,0,0,0,0,0,0,0,0
40,1980,08733X0016/F1,Ispes 1,0,0,0,0,1,1,0,0,0,0,0,0,0,0
40,698,09784X0010/F3,Brac,0,0,0,0,1,1,0,0,0,0,0,0,0,0
40,8415,09784X0029/CHICOY,Eugénie-les-Bains - 09784X0029/CHICOY,0,0,0,0,1,1,0,0,0,0,0,0,0,0
40,7704,09782X0013/F4,ASA 8,0,0,0,0,1,1,0,0,0,0,0,0,0,0
40,8128,09783X0019/F,Larcuchette,0,0,0,0,1,1,0,0,0,0,0,0,0,0
40,2055,09266X0104/F,Route de St Justin,0,0,0,0,0,1,0,0,0,0,0,0,0,0
40,7404,09765X0158/R11,R11 Carrière (LABENNE - 40),0,0,0,0,1,1,0,0,0,0,0,0,0,0
40,7644,09758X0009/R13,R13 (LABENNE - 40),0,0,0,0,1,1,0,0,0,0,0,0,0,0
40,696,09266X0004/LC101,LACQUY 101 (LACQUY - 40),0,0,0,0,1,1,0,0,0,0,0,0,0,0
40,1418,09492X0014/F1,F1 Bourg,0,0,0,0,0,1,0,0,0,0,0,0,0,0
40,7455,09507X0048/F1,Lavigne,0,0,0,0,1,1,0,0,0,0,0,0,0,0
40,7987,09781X0013/F,F1,0,0,0,0,1,1,0,0,0,0,0,0,0,0
40,2234,08977X0009/F4NP1,Captage M1 rte d'Escource (MIMIZAN),0,0,0,0,0,1,0,0,0,0,0,0,0,0
40,7932,09781X0011/F,LABAOUCOUME,0,0,0,0,1,1,0,0,0,0,0,0,0,0
40,1711,09758X0014/GOLF3,Ondres - 09758X0014/GOLF3,0,0,0,0,1,1,0,0,0,0,0,0,0,0
40,7385,09765X0157/R10,R10 Esquiron (ONDRES - 40),0,0,0,0,1,1,0,0,0,0,0,0,0,0
40,7766,09758X0008/R6,R6 CHEMIN DE PIP (ONDRES - 40),0,0,0,0,1,1,0,0,0,0,0,0,0,0
40,1997,09775X0012/F,Lesjournades,0,0,0,0,0,1,0,0,0,0,0,0,0,0
40,776,09261X0008/F1,F1 STADE,0,0,0,0,1,1,0,0,0,0,0,0,0,0
40,1990,09507X0042/F3,Castaingt,0,0,0,0,0,1,0,0,0,0,0,0,0,0
40,2003,09266X0006/F,Captage de Saint Justin,0,0,0,0,0,1,0,0,0,0,0,0,0,0
40,2015,09768X0040/F2,Piézomètre,0,0,0,0,0,1,0,0,0,0,0,0,0,0
40,1989,09771X0110/F3,Saint-Paul-lès-Dax - 09771X0110/F3,0,0,0,0,1,1,0,0,0,0,0,0,0,0
40,7563,09511X0022/LS02,LANDES DE SIOUGOS LS2,0,0,0,0,1,1,0,0,0,0,0,0,0,0
40,7453,09783X0018/F1,Taulade,0,0,0,0,1,1,0,0,0,0,0,0,0,0
40,8031,09761X0105/F,R4 les Chays (SEIGNOSSE LE PENON - 40),0,0,0,0,0,1,0,0,0,0,0,0,0,0
40,2238,09761X0041/F,Soorts Captage de (SOORTS-HOSSEGOR - 40),0,0,0,0,0,1,0,0,0,0,0,0,0,0
40,7440,09257X0054/F1,PERPIGNAN-OLIGOCÈNE (UCHACQ-ET-PARENTIS - 40),0,0,0,0,1,1,0,0,0,0,0,0,0,0
40,2235,09495X0003/F2,Forage F2,0,0,0,0,0,1,0,0,0,0,0,0,0,0
41,1008,04902X0012/FAEP,Billy - 04902X0012/FAEP,0,0,0,0,0,1,0,0,0,0,0,0,0,0
41,2333,04302X0101/F,Forage de l'aire de service Autoroute BP ( Chaumont-sur-Tharonne - 41),0,0,0,0,0,1,0,0,0,0,0,0,0,0
41,8291,04605X0037/FAEP,Contres - 04605X0037/FAEP,0,0,0,0,0,1,0,0,0,0,0,0,0,0
41,1835,03608X0001/F,DANZE RN 157_LES BIGOTERIES,0,0,0,0,0,1,0,0,0,0,0,0,0,0
41,8288,04604X0001/FAEP,Millançay - 04604X0001/FAEP,0,0,0,0,0,1,0,0,0,0,0,0,0,0
41,1706,03616X0003/FAEP,Morée - 03616X0003/FAEP,0,0,0,0,0,1,0,0,0,0,0,0,0,0
41,7617,04606X0021/FAEP2,Captage de N°2,0,0,0,0,0,1,0,0,0,0,0,0,0,0
41,982,04911X0013/FAEP2,Captage de N°2,0,0,0,0,1,1,0,0,0,0,0,0,0,0
41,1705,03957X0052/FAEP,Saint-Rimay - 03957X0052/FAEP,0,0,0,0,0,1,0,0,0,0,0,0,0,0
41,1704,03952X0001/FAEP,Savigny-sur-Braye - 03952X0001/FAEP,0,0,0,0,0,1,0,0,0,0,0,0,0,0
41,1017,04894X0016/PZ,Seigy - 04894X0016/PZ,0,0,0,0,0,1,0,0,0,0,0,0,0,0
41,1707,03603X0013/FAEP,Saint-Agil - 03603X0013/FAEP,0,0,0,0,0,1,0,0,0,0,0,0,0,0
44,1643,04518X0044/F3,PETIT MARS,0,0,0,0,0,1,0,0,0,0,0,0,0,0
45,8029,04323X0005/F,LA ROUGEOLLERIE,0,0,1,0,0,1,0,0,0,0,0,0,0,0
45,8290,03663X0026/FAEP,Courtenay - 03663X0026/FAEP,0,0,1,0,0,1,0,0,0,0,0,0,0,0
45,1330,03997X0004/F,Sully-sur-Loire - 03997X0004/F,0,1,1,0,0,1,0,0,0,0,0,0,0,0
45,1898,03634X0093/F,LE CHAMP DES BRULÉS,0,1,0,0,0,1,0,0,0,0,0,0,0,0
49,976,04552X0069/F1,Beaufort-en-Anjou - 04552X0069/F1,0,0,0,0,0,1,0,0,0,0,0,0,0,0
49,979,04552X0070/F2,Forage du Clos Bertin F2 (Beaufort-en-Vallée - 49),0,0,0,0,0,1,0,0,0,0,0,0,0,0
49,1000,04552X0081/FPJ,Beaufort-en-Anjou - 04552X0081/FPJ,0,0,0,0,0,1,0,0,0,0,0,0,0,0
49,1013,04552X0110/PZ,Mazé-Milon - 04552X0110/PZ,0,0,0,0,0,1,0,0,0,0,0,0,0,0
49,2332,04552X0111/PZ2,FONTAINE-MILONJurassique,0,0,0,0,0,1,0,0,0,0,0,0,0,0
49,1839,04242X0053/F,MONTIGNE,0,1,0,0,1,1,0,0,0,0,0,0,0,0
49,8287,05124X0509/AEP,Montreuil-Bellay - 05124X0509/AEP,0,0,0,0,0,1,0,0,0,0,0,0,0,0
49,8442,05123X0545/PZ,Montreuil-Bellay - 05123X0545/PZ,0,0,0,0,0,1,0,0,0,0,0,0,0,0
49,1822,03925X0017/PZ,Morannes sur Sarthe-Daumeray - 03925X0017/PZ,0,1,0,0,0,1,0,0,0,0,0,0,0,0
49,1001,04562X0003/AEP,Noyant-Villages - 04562X0003/AEP,0,1,0,0,0,1,0,0,0,0,0,0,0,0
49,1002,04562X0046/AEP,Noyant-Villages - 04562X0046/AEP,0,1,0,0,0,1,0,0,0,0,0,0,0,0
49,7437,04555X0093/F1,Gennes-Val de Loire - 04555X0093/F1,0,0,0,0,0,1,0,0,0,0,0,0,0,0
49,1016,04858X0135/PZ,Souzay-Champigny - 04858X0135/PZ,0,1,0,0,0,1,0,0,0,0,0,0,0,0
49,978,04565X0077/PZ1,VERNOIL Céno,0,0,0,0,1,1,0,0,0,0,0,0,0,0
49,1015,04854X0282/PZ,Vivy - 04854X0282/PZ,0,0,0,0,0,1,0,0,0,0,0,0,0,0
51,1345,01877X0078/PN01,Sables de l'Apto-Albien captif à CONGY,0,0,0,0,0,1,0,0,0,0,0,0,0,0
58,1922,04961X0093/F4,Forage communal (Monceaux-Le-Comte-58),0,0,0,0,0,1,0,0,0,0,0,0,0,0
59,7447,00155C0017/F1,Forage de la brasserie Duquesnoy (Baisieux) - 59,0,0,0,0,0,1,0,0,0,0,0,0,0,0
59,7460,00143C0079/F1,Forage de la Société des Eaux du Nord (Bondues) - 59,0,0,0,0,0,1,0,0,0,0,0,0,0,0
59,7446,00146B0007/F1,"Forage au lieut dit ""Le Marais"" (Lomme) - 59",0,0,0,0,0,1,0,0,0,0,0,0,0,0
64,712,10052X0037/F,LASSEPPE (LALONGUE - 64),0,0,0,0,1,1,0,0,0,0,0,0,0,0
64,8118,10052X0038/F,BIGORRE (LANNECAUBE - 64),0,0,0,0,0,1,0,0,0,0,0,0,0,0
64,697,10057X0001/LEE1,LEMBEYE 1 (SIMACOURBE - 64),0,0,0,0,1,1,0,0,0,0,0,0,0,0
65,700,10312X0001/F,SENAC,0,0,0,0,1,1,0,0,0,0,0,0,0,0
66,1655,10972X0137/PONT,Argelès-sur-Mer - 10972X0137/PONT,0,1,1,0,0,1,0,0,0,0,0,0,0,0
66,1644,10912X0112/BAR3,BARCARES/ Plage N3,0,1,1,0,0,1,0,0,0,0,0,0,0,0
66,1645,10912X0111/BAR4,Barcarès - 10912X0111/BAR4,0,1,1,0,0,1,0,0,0,0,0,0,0,0
66,8017,10912X0024/F,BARCARES SN4,0,1,1,0,0,1,0,0,0,0,0,0,0,0
66,1651,10916X0090/PHARE,CANET PHARE,0,1,1,0,0,1,0,0,0,0,0,0,0,0
66,1654,10908X0263/FIGUER,Perpignan - 10908X0263/FIGUER,0,1,1,0,0,1,0,0,0,0,0,0,0,0
66,2504,10915X0316/F3,PIA,0,1,1,0,1,1,0,0,0,0,0,0,0,0
66,1637,10964X0119/NYLS-1,NYLS PONTEILLA,0,1,1,0,0,1,0,0,0,0,0,0,0,0
66,8193,10975X0032/SABIRO,SABIROU,0,1,1,0,1,1,0,0,0,0,0,0,0,0
66,7714,10912X0061/F3N4,SAINT-LAURENT-DE-LA-SALANQUE,0,1,1,0,0,1,0,0,0,0,0,0,0,0
66,7713,10916X0061/F1N4,SAINTE-MARIE N4,0,1,1,0,0,1,0,0,0,0,0,0,0,0
66,7422,10972X0098/FE1,SAINT-NAZAIRE,0,1,1,0,0,1,0,0,0,0,0,0,0,0
66,1640,10911X0137/F2,EX-OPOUL - FORAGE MAS NOU,0,1,0,0,1,1,0,0,0,0,0,0,0,0
66,8379,10963X0059/MEDALU,Terrats - 10963X0059/MEDALU,0,1,1,0,0,1,0,0,0,0,0,0,0,0
66,7679,10912X0110/TOR3,TORREILLES,0,1,1,0,0,1,0,0,0,0,0,0,0,0
71,626,05536X0079/PZ1,Forage BRGM (Mellecey-71),0,0,0,0,0,1,0,0,0,0,0,0,0,0
71,1115,05537X0127/P,Sassenay - 05537X0127/P,0,0,0,0,0,1,0,0,0,0,0,0,0,0
72,7407,03237X0043/PZ31,LE GRAND COUDRAY,0,0,0,0,0,1,0,0,0,0,0,0,0,0
72,3683,03237X0021/PZ16,LA CROIX DU PIN,0,0,0,0,0,1,0,0,0,0,0,0,0,0
72,7700,04253X0550/PZ24,BOIS DE NEUILLAY,0,0,0,0,1,1,0,0,0,0,0,0,0,0
72,3684,03946X0015/PZ22,LES VAUX DU PUITS,0,0,0,0,1,1,0,0,0,0,0,0,0,0
75,1327,01837A0096/F2,Piézomètre de Paris 13 (Paris 13ème arrondissement -75),0,0,0,0,0,1,0,0,0,0,0,0,0,0
76,1363,01234X0297/F2,Forage Recyclerie (Caudebec-les-Elbeuf) - 76,0,0,0,0,0,1,0,0,0,0,0,0,0,0
77,1324,02951X0049/S1,Piézomètre du lieu-dit des Grands Larris (La Grande-Paroisse - 77),0,0,0,0,0,1,0,0,0,0,0,0,0,0
77,1305,02211X0023/CHE101,PIÉZOMÈTRE DE LA HOUSSAYE-EN-BRIE -77 (ALBIEN),0,0,0,0,0,1,0,0,0,0,0,0,0,0
79,2034,05394X0012/P,OIRON,0,0,0,0,0,1,0,0,0,0,0,0,0,0
85,7788,05341X0104/SF7,"Beauvoir forage du Petit Champ de Bataille (Beauvoir,85)",0,0,0,0,0,1,0,0,0,0,0,0,0,0
85,8419,06102X0620/PZ,Benet - 06102X0620/PZ,0,0,0,0,0,1,0,0,0,0,0,0,0,0
85,1739,05076X0019/F,Forage les Murs (Bouin-85),0,0,0,0,0,1,0,0,0,0,0,0,0,0
85,7706,05342X0034/F4,"Forage Ifremer(Bouin,85)",0,0,0,0,0,1,0,0,0,0,0,0,0,0
85,7890,05342X0078/FORAGE,"Bouin forage polder du Dain (Bouin,85)",0,0,0,0,0,1,0,0,0,0,0,0,0,0
85,8004,05342X0073/F,"Bouin forage du Pont Guérineau (Bouin,85)",0,0,0,0,0,1,0,0,0,0,0,0,0,0
85,8305,05076X0001/S,Bouin - 05076X0001/S,0,0,0,0,0,1,0,0,0,0,0,0,0,0
85,7999,06094X0143/F,"Forage de Billaude (Doix,85)",0,0,0,0,0,1,0,0,0,0,0,0,0,0
85,7888,06092X0584/FORAGE,"Forage du Breuil (le Langon,85)",0,0,0,0,0,1,0,0,0,0,0,0,0,0
85,7889,06093X0118/FORAGE,"Forage de Chottard (Montreuil,85)",0,0,0,0,0,1,0,0,0,0,0,0,0,0
85,7949,06094X0181/F,"Forage de Chalais (St Pierre le Vieux,85)",0,0,0,0,0,1,0,0,0,0,0,0,0,0
85,676,06091X0541/F,"Forage de la Bonde coteau (Ste Radégaonde des Noyers,85)",0,0,0,0,0,1,0,0,0,0,0,0,0,0
86,1931,05665X0003/S,Ayron - 05665X0003/S,0,0,0,0,0,1,0,0,0,0,0,0,0,0
86,8332,05893X0037/S,Béruges - 05893X0037/S,0,0,0,0,0,1,0,0,0,0,0,0,0,0
86,1936,05903X0090/PIEZO,BONNES,0,0,0,0,0,1,0,0,0,0,0,0,0,0
86,8324,06123X0044/S,Celle-Lévescault - 06123X0044/S,0,0,0,0,0,1,0,0,0,0,0,0,0,0
86,1924,05667X0017/29,TRICON,0,0,0,0,0,1,0,0,0,0,0,0,0,0
86,1929,05662X0011/S,Champigny en Rochereau - 05662X0011/S,0,0,0,0,0,1,0,0,0,0,0,0,0,0
86,8325,05662X0005/S,Champigny en Rochereau - 05662X0005/S,0,0,0,0,0,1,0,0,0,0,0,0,0,0
86,8069,06124X0026/F,Forage de Fontjoise (Chateau-Larcher - 86),0,0,0,0,0,1,0,0,0,0,0,0,0,0
86,2535,05402X0036/F6,GUESNES,0,0,0,0,0,1,0,0,0,0,0,0,0,0
86,8019,05891X0044/F,RAUDIERE,0,0,0,0,0,1,0,0,0,0,0,0,0,0
86,7967,05892X0032/F,PREILLE,0,0,0,0,0,1,0,0,0,0,0,0,0,0
86,960,05664X0048/P,Lencloître - 05664X0048/P,0,0,0,0,0,1,0,0,0,0,0,0,0,0
86,1927,05668X0080/P,LOURDINE,0,0,0,0,0,1,0,0,0,0,0,0,0,0
86,2532,05406X0022/PIEZO,SAUVES,0,0,0,0,0,1,0,0,0,0,0,0,0,0
89,2237,03676X0003/FORAGE,FORAGE COMMUNAL (NEUILLY-89),0,0,0,0,0,1,0,0,0,0,0,0,0,0
95,8094,01531X0047/F,Piézomètre de l'Isle-Adam (Isle-Adam - 95),0,0,0,0,0,1,0,0,0,0,0,0,0,0
